{
    "brighton_and_hove": "Brighton and Hove",
    "blackburn_with_darwen": "Blackburn with Darwen",
    "slough": "Slough",
    "south_hams": "South Hams",
    "kingston_upon_hull,_city_of": "Kingston upon Hull, City of",
    "southend_on_sea": "Southend-on-Sea",
    "darlington": "Darlington",
    "york": "York",
    "worcester": "Worcester",
    "allerdale": "Allerdale",
    "eden": "Eden",
    "hastings": "Hastings",
    "blackpool": "Blackpool",
    "west_devon": "West Devon",
    "charnwood": "Charnwood",
    "south_ribble": "South Ribble",
    "high_peak": "High Peak",
    "bolsover": "Bolsover",
    "epping_forest": "Epping Forest",
    "northumberland": "Northumberland",
    "ashfield": "Ashfield",
    "pembrokeshire": "Pembrokeshire",
    "powys": "Powys",
    "thurrock": "Thurrock",
    "buckinghamshire": "Buckinghamshire",
    "stockton_on_tees": "Stockton-on-Tees",
    "gosport": "Gosport",
    "oadby_and_wigston": "Oadby and Wigston",
    "gravesham": "Gravesham",
    "lancaster": "Lancaster",
    "hinckley_and_bosworth": "Hinckley and Bosworth",
    "manchester": "Manchester",
    "bromley": "Bromley",
    "east_riding_of_yorkshire": "East Riding of Yorkshire",
    "liverpool": "Liverpool",
    "sefton": "Sefton",
    "canterbury": "Canterbury",
    "nottingham": "Nottingham",
    "elmbridge": "Elmbridge",
    "bristol,_city_of": "Bristol, City of",
    "blaenau_gwent": "Blaenau Gwent",
    "leeds": "Leeds",
    "wandsworth": "Wandsworth",
    "shropshire": "Shropshire",
    "torfaen": "Torfaen",
    "maldon": "Maldon",
    "bexley": "Bexley",
    "harrogate": "Harrogate",
    "harlow": "Harlow",
    "king's_lynn_and_west_norfolk": "King's Lynn and West Norfolk",
    "harrow": "Harrow",
    "redditch": "Redditch",
    "halton": "Halton",
    "conwy": "Conwy",
    "havant": "Havant",
    "craven": "Craven",
    "cherwell": "Cherwell",
    "crawley": "Crawley",
    "swansea": "Swansea",
    "dartford": "Dartford",
    "east_northamptonshire": "East Northamptonshire",
    "reigate_and_banstead": "Reigate and Banstead",
    "north_somerset": "North Somerset",
    "cotswold": "Cotswold",
    "lewes": "Lewes",
    "st._helens": "St. Helens",
    "windsor_and_maidenhead": "Windsor and Maidenhead",
    "babergh": "Babergh",
    "westminster": "Westminster",
    "wychavon": "Wychavon",
    "salford": "Salford",
    "swindon": "Swindon",
    "cheltenham": "Cheltenham",
    "amber_valley": "Amber Valley",
    "birmingham": "Birmingham",
    "wirral": "Wirral",
    "sandwell": "Sandwell",
    "hertsmere": "Hertsmere",
    "burnley": "Burnley",
    "rotherham": "Rotherham",
    "havering": "Havering",
    "boston": "Boston",
    "brentwood": "Brentwood",
    "county_durham": "County Durham",
    "north_devon": "North Devon",
    "luton": "Luton",
    "portsmouth": "Portsmouth",
    "adur": "Adur",
    "hounslow": "Hounslow",
    "south_somerset": "South Somerset",
    "barnsley": "Barnsley",
    "north_warwickshire": "North Warwickshire",
    "greenwich": "Greenwich",
    "cheshire_east": "Cheshire East",
    "derby": "Derby",
    "wokingham": "Wokingham",
    "barrow_in_furness": "Barrow-in-Furness",
    "isle_of_wight": "Isle of Wight",
    "copeland": "Copeland",
    "braintree": "Braintree",
    "mansfield": "Mansfield",
    "richmondshire": "Richmondshire",
    "central_bedfordshire": "Central Bedfordshire",
    "cheshire_west_and_chester": "Cheshire West and Chester",
    "southampton": "Southampton",
    "reading": "Reading",
    "hartlepool": "Hartlepool",
    "middlesbrough": "Middlesbrough",
    "west_berkshire": "West Berkshire",
    "tendring": "Tendring",
    "arun": "Arun",
    "bedford": "Bedford",
    "calderdale": "Calderdale",
    "wyre": "Wyre",
    "redcar_and_cleveland": "Redcar and Cleveland",
    "tower_hamlets": "Tower Hamlets",
    "west_lindsey": "West Lindsey",
    "preston": "Preston",
    "forest_of_dean": "Forest of Dean",
    "pendle": "Pendle",
    "dacorum": "Dacorum",
    "spelthorne": "Spelthorne",
    "teignbridge": "Teignbridge",
    "eastbourne": "Eastbourne",
    "derbyshire_dales": "Derbyshire Dales",
    "gedling": "Gedling",
    "west_oxfordshire": "West Oxfordshire",
    "denbighshire": "Denbighshire",
    "milton_keynes": "Milton Keynes",
    "bassetlaw": "Bassetlaw",
    "nuneaton_and_bedworth": "Nuneaton and Bedworth",
    "north_lincolnshire": "North Lincolnshire",
    "south_staffordshire": "South Staffordshire",
    "tamworth": "Tamworth",
    "breckland": "Breckland",
    "isles_of_scilly": "Isles of Scilly",
    "east_hertfordshire": "East Hertfordshire",
    "hillingdon": "Hillingdon",
    "south_oxfordshire": "South Oxfordshire",
    "swale": "Swale",
    "waverley": "Waverley",
    "daventry": "Daventry",
    "tewkesbury": "Tewkesbury",
    "broadland": "Broadland",
    "newham": "Newham",
    "caerphilly": "Caerphilly",
    "north_kesteven": "North Kesteven",
    "kettering": "Kettering",
    "mendip": "Mendip",
    "peterborough": "Peterborough",
    "west_lancashire": "West Lancashire",
    "cardiff": "Cardiff",
    "hart": "Hart",
    "south_norfolk": "South Norfolk",
    "solihull": "Solihull",
    "wealden": "Wealden",
    "torbay": "Torbay",
    "surrey_heath": "Surrey Heath",
    "sedgemoor": "Sedgemoor",
    "newark_and_sherwood": "Newark and Sherwood",
    "mid_sussex": "Mid Sussex",
    "south_tyneside": "South Tyneside",
    "south_gloucestershire": "South Gloucestershire",
    "torridge": "Torridge",
    "bath_and_north_east_somerset": "Bath and North East Somerset",
    "leicester": "Leicester",
    "east_devon": "East Devon",
    "castle_point": "Castle Point",
    "corby": "Corby",
    "watford": "Watford",
    "medway": "Medway",
    "stratford_on_avon": "Stratford-on-Avon",
    "cornwall": "Cornwall",
    "bracknell_forest": "Bracknell Forest",
    "wyre_forest": "Wyre Forest",
    "stevenage": "Stevenage",
    "bridgend": "Bridgend",
    "rushmoor": "Rushmoor",
    "gateshead": "Gateshead",
    "south_lakeland": "South Lakeland",
    "cannock_chase": "Cannock Chase",
    "three_rivers": "Three Rivers",
    "broxbourne": "Broxbourne",
    "stroud": "Stroud",
    "hyndburn": "Hyndburn",
    "wiltshire": "Wiltshire",
    "epsom_and_ewell": "Epsom and Ewell",
    "coventry": "Coventry",
    "east_staffordshire": "East Staffordshire",
    "hambleton": "Hambleton",
    "camden": "Camden",
    "ealing": "Ealing",
    "walsall": "Walsall",
    "erewash": "Erewash",
    "north_norfolk": "North Norfolk",
    "barking_and_dagenham": "Barking and Dagenham",
    "south_holland": "South Holland",
    "east_hampshire": "East Hampshire",
    "northampton": "Northampton",
    "chichester": "Chichester",
    "haringey": "Haringey",
    "knowsley": "Knowsley",
    "rochdale": "Rochdale",
    "melton": "Melton",
    "north_tyneside": "North Tyneside",
    "ryedale": "Ryedale",
    "waltham_forest": "Waltham Forest",
    "plymouth": "Plymouth",
    "staffordshire_moorlands": "Staffordshire Moorlands",
    "mole_valley": "Mole Valley",
    "oldham": "Oldham",
    "runnymede": "Runnymede",
    "stoke_on_trent": "Stoke-on-Trent",
    "cambridge": "Cambridge",
    "south_cambridgeshire": "South Cambridgeshire",
    "rother": "Rother",
    "neath_port_talbot": "Neath Port Talbot",
    "telford_and_wrekin": "Telford and Wrekin",
    "lincoln": "Lincoln",
    "gloucester": "Gloucester",
    "broxtowe": "Broxtowe",
    "flintshire": "Flintshire",
    "chesterfield": "Chesterfield",
    "kirklees": "Kirklees",
    "maidstone": "Maidstone",
    "rushcliffe": "Rushcliffe",
    "tonbridge_and_malling": "Tonbridge and Malling",
    "vale_of_glamorgan": "Vale of Glamorgan",
    "north_hertfordshire": "North Hertfordshire",
    "stafford": "Stafford",
    "ceredigion": "Ceredigion",
    "mid_devon": "Mid Devon",
    "wellingborough": "Wellingborough",
    "hammersmith_and_fulham": "Hammersmith and Fulham",
    "ashford": "Ashford",
    "islington": "Islington",
    "tunbridge_wells": "Tunbridge Wells",
    "brent": "Brent",
    "bolton": "Bolton",
    "fareham": "Fareham",
    "basildon": "Basildon",
    "carlisle": "Carlisle",
    "great_yarmouth": "Great Yarmouth",
    "newcastle_under_lyme": "Newcastle-under-Lyme",
    "folkestone_and_hythe": "Folkestone and Hythe",
    "rochford": "Rochford",
    "south_derbyshire": "South Derbyshire",
    "exeter": "Exeter",
    "herefordshire,_county_of": "Herefordshire, County of",
    "rossendale": "Rossendale",
    "chelmsford": "Chelmsford",
    "bournemouth,_christchurch_and_poole": "Bournemouth, Christchurch and Poole",
    "warrington": "Warrington",
    "south_kesteven": "South Kesteven",
    "selby": "Selby",
    "fylde": "Fylde",
    "lambeth": "Lambeth",
    "malvern_hills": "Malvern Hills",
    "barnet": "Barnet",
    "harborough": "Harborough",
    "dorset": "Dorset",
    "bromsgrove": "Bromsgrove",
    "uttlesford": "Uttlesford",
    "west_suffolk": "West Suffolk",
    "north_east_derbyshire": "North East Derbyshire",
    "tameside": "Tameside",
    "eastleigh": "Eastleigh",
    "gwynedd": "Gwynedd",
    "new_forest": "New Forest",
    "vale_of_white_horse": "Vale of White Horse",
    "mid_suffolk": "Mid Suffolk",
    "worthing": "Worthing",
    "rutland": "Rutland",
    "north_east_lincolnshire": "North East Lincolnshire",
    "colchester": "Colchester",
    "horsham": "Horsham",
    "sevenoaks": "Sevenoaks",
    "bury": "Bury",
    "hackney": "Hackney",
    "lichfield": "Lichfield",
    "oxford": "Oxford",
    "huntingdonshire": "Huntingdonshire",
    "monmouthshire": "Monmouthshire",
    "east_suffolk": "East Suffolk",
    "east_lindsey": "East Lindsey",
    "somerset_west_and_taunton": "Somerset West and Taunton",
    "fenland": "Fenland",
    "norwich": "Norwich",
    "merton": "Merton",
    "bradford": "Bradford",
    "kensington_and_chelsea": "Kensington and Chelsea",
    "north_west_leicestershire": "North West Leicestershire",
    "newcastle_upon_tyne": "Newcastle upon Tyne",
    "east_cambridgeshire": "East Cambridgeshire",
    "wrexham": "Wrexham",
    "scarborough": "Scarborough",
    "stockport": "Stockport",
    "thanet": "Thanet",
    "rhondda_cynon_taf": "Rhondda Cynon Taf",
    "rugby": "Rugby",
    "carmarthenshire": "Carmarthenshire",
    "southwark": "Southwark",
    "chorley": "Chorley",
    "blaby": "Blaby",
    "basingstoke_and_deane": "Basingstoke and Deane",
    "isle_of_anglesey": "Isle of Anglesey",
    "ipswich": "Ipswich",
    "woking": "Woking",
    "sheffield": "Sheffield",
    "merthyr_tydfil": "Merthyr Tydfil",
    "winchester": "Winchester",
    "lewisham": "Lewisham",
    "city_of_london": "City of London",
    "dover": "Dover",
    "doncaster": "Doncaster",
    "ribble_valley": "Ribble Valley",
    "dudley": "Dudley",
    "warwick": "Warwick",
    "croydon": "Croydon",
    "wolverhampton": "Wolverhampton",
    "tandridge": "Tandridge",
    "sunderland": "Sunderland",
    "test_valley": "Test Valley",
    "kingston_upon_thames": "Kingston upon Thames",
    "wakefield": "Wakefield",
    "redbridge": "Redbridge",
    "wigan": "Wigan",
    "guildford": "Guildford",
    "south_northamptonshire": "South Northamptonshire",
    "sutton": "Sutton",
    "welwyn_hatfield": "Welwyn Hatfield",
    "richmond_upon_thames": "Richmond upon Thames",
    "enfield": "Enfield",
    "newport": "Newport",
    "st_albans": "St Albans",
    "trafford": "Trafford",
    "scotland": "Scotland",
    "england": "England",
    "wales": "Wales",
    "aberdeen_city": "Aberdeen City",
    "aberdeenshire": "Aberdeenshire",
    "angus": "Angus",
    "argyll_and_bute": "Argyll and Bute",
    "city_of_edinburgh": "City of Edinburgh",
    "clackmannanshire": "Clackmannanshire",
    "dumfries_and_galloway": "Dumfries and Galloway",
    "dundee_city": "Dundee City",
    "east_ayrshire": "East Ayrshire",
    "east_dunbartonshire": "East Dunbartonshire",
    "east_lothian": "East Lothian",
    "east_renfrewshire": "East Renfrewshire",
    "falkirk": "Falkirk",
    "fife": "Fife",
    "glasgow_city": "Glasgow City",
    "highland": "Highland",
    "inverclyde": "Inverclyde",
    "midlothian": "Midlothian",
    "moray": "Moray",
    "na_h_eileanan_siar": "Na h-Eileanan Siar",
    "north_ayrshire": "North Ayrshire",
    "north_lanarkshire": "North Lanarkshire",
    "orkney_islands": "Orkney Islands",
    "perth_and_kinross": "Perth and Kinross",
    "renfrewshire": "Renfrewshire",
    "scottish_borders": "Scottish Borders",
    "shetland_islands": "Shetland Islands",
    "south_ayrshire": "South Ayrshire",
    "south_lanarkshire": "South Lanarkshire",
    "stirling": "Stirling",
    "west_dunbartonshire": "West Dunbartonshire",
    "west_lothian": "West Lothian",
    "ayrshire_and_arran": "Ayrshire and Arran",
    "borders": "Borders",
    "forth_valley": "Forth Valley",
    "grampian": "Grampian",
    "greater_glasgow_and_clyde": "Greater Glasgow and Clyde",
    "lanarkshire": "Lanarkshire",
    "lothian": "Lothian",
    "orkney": "Orkney",
    "shetland": "Shetland",
    "tayside": "Tayside",
    "western_isles": "Western Isles",
    "daily": "Daily",
    "weekly": "Weekly",
    "model": "Model",
    "eera": "EERA",
    "hospital_admission": "hospital admission",
    "hospital_confirmed": "patients in hospital",
    "icu_confirmed": "ICU patients",
    "all_deaths": "all deaths",
    "covid_deaths": "COVID deaths",
    "place_of_death": "places",
    "all_sexes_agegroups": "genders, age groups",
    "all_boards": "boards",
    "all_local_authorities": "local authorities",
    "age_group": "age group",
    "tests_reported": "tests reported",
    "new_cases": "new cases",
    "vaccination": "vaccination",
    "people_tested": "people tested",
    "tests_carried_out": "tests carried out",
    "cumulative": "cumulative"
}